,design,n,mpnn,plddt,i_ptm,i_pae,rmsd,seq
0,0,0,1.8035603573841237,0.46506059169769287,0.15421372652053833,17.35970628261566,23.584732055664062,SLWETVQKWREYRRQCQRSLTEDPPPATDLFCNRTFDEYACWPDGEPGSFVNVSCPWYLPWASSVPQGHVYRFCTAEGLWL/SLEVALELALALLRRLLELE
1,0,1,1.5212528668188336,0.4604984521865845,0.1371520757675171,18.220849215984344,23.36292839050293,SLWETVQKWREYRRQCQRSLTEDPPPATDLFCNRTFDEYACWPDGEPGSFVNVSCPWYLPWASSVPQGHVYRFCTAEGLWL/SAAVAAELAAAALRAALEAA
2,0,2,1.5568046949470387,0.5012291073799133,0.10029265284538269,20.77807515859604,26.058794021606445,SLWETVQKWREYRRQCQRSLTEDPPPATDLFCNRTFDEYACWPDGEPGSFVNVSCPWYLPWASSVPQGHVYRFCTAEGLWL/AAEVAAALALALAALLALLA
3,0,3,1.5480641908653912,0.5228735208511353,0.20472373068332672,16.112931787967682,22.083303451538086,SLWETVQKWREYRRQCQRSLTEDPPPATDLFCNRTFDEYACWPDGEPGSFVNVSCPWYLPWASSVPQGHVYRFCTAEGLWL/SEEVREELERLRRLLEELRR
4,0,4,1.5385572738703277,0.47946417331695557,0.15531235933303833,17.666501998901367,23.616968154907227,SLWETVQKWREYRRQCQRSLTEDPPPATDLFCNRTFDEYACWPDGEPGSFVNVSCPWYLPWASSVPQGHVYRFCTAEGLWL/SEEVAAALAAAARLAEELAR
5,0,5,1.5150948218876399,0.4312623143196106,0.11626817286014557,19.673994541168213,27.677181243896484,SLWETVQKWREYRRQCQRSLTEDPPPATDLFCNRTFDEYACWPDGEPGSFVNVSCPWYLPWASSVPQGHVYRFCTAEGLWL/SEEVAAALALALALAAAAAA
6,0,6,1.5407472856089637,0.5120820999145508,0.1865071803331375,16.475843489170074,22.40634536743164,SLWETVQKWREYRRQCQRSLTEDPPPATDLFCNRTFDEYACWPDGEPGSFVNVSCPWYLPWASSVPQGHVYRFCTAEGLWL/AEEVRQELEEALRALEEALR
7,0,7,1.548178157926377,0.48989713191986084,0.16525399684906006,17.512934148311615,22.79939079284668,SLWETVQKWREYRRQCQRSLTEDPPPATDLFCNRTFDEYACWPDGEPGSFVNVSCPWYLPWASSVPQGHVYRFCTAEGLWL/SEEVRRELLEALERARREAE
8,0,8,1.657184993392141,0.5007680058479309,0.16406670212745667,17.637708604335785,22.229890823364258,SLWETVQKWREYRRQCQRSLTEDPPPATDLFCNRTFDEYACWPDGEPGSFVNVSCPWYLPWASSVPQGHVYRFCTAEGLWL/SEEVREELLALLERLRRELE
9,0,9,1.5151390559846216,0.5027354955673218,0.1778508424758911,17.252925157546997,20.980979919433594,SLWETVQKWREYRRQCQRSLTEDPPPATDLFCNRTFDEYACWPDGEPGSFVNVSCPWYLPWASSVPQGHVYRFCTAEGLWL/SEEVREELERLLRELEERRR
10,0,10,1.45915393756388,0.5145299434661865,0.07907005399465561,22.936463713645935,29.410120010375977,SLWETVQKWREYRRQCQRSLTEDPPPATDLFCNRTFDEYACWPDGEPGSFVNVSCPWYLPWASSVPQGHVYRFCTAEGLWL/AAEVAAALAALAAALAAALA
